{"means": {"time": 5.0, "temperature": 2.7776023972571246e-05, "humidity": -0.00012927195028532195, "pm10": -0.00015851695454227436, "pm25": 9.407936248574402e-05, "voc": -5.178600936806345e-05, "eco2": -0.00019553602151777853}, "stds": {"time": 0.0, "temperature": 0.7060722893774023, "humidity": 1.4138863364997496, "pm10": 32.11295843775551, "pm25": 21.72860298433921, "voc": 17.313244564404187, "eco2": 45.13555951502221}}