{"means": {"temperature": 15.0896527266889, "humidity": 59.87478935208587, "pm10": 103.29575593093423, "pm25": 62.298615372766974, "voc": 51.884066570263215, "eco2": 403.14476325297716}, "stds": {"temperature": 3.5353906531533994, "humidity": 7.140438365916272, "pm10": 23.017114374575215, "pm25": 15.193832982214985, "voc": 12.66466262237959, "eco2": 31.638839881859457}}