{"means": {"temperature": 4.3356911570724845e-05, "humidity": 5.821975577487217e-05, "pm10": 0.0005098277748891577, "pm25": -0.0002519836250827152, "voc": -0.0006959787786207492, "eco2": 0.0007172361397167323}, "stds": {"temperature": 0.709174455808326, "humidity": 1.4181740250112214, "pm10": 32.5812942414891, "pm25": 20.922595898944643, "voc": 18.224857246063163, "eco2": 49.27825049725366}}